,Unnamed: 0,Time_0,posX_0,posY_0,posZ_0,velX_0,velY_0,velZ_0,Time_1,posX_1,posY_1,posZ_1,velX_1,velY_1,velZ_1,Time_2,posX_2,posY_2,posZ_2,velX_2,velY_2,velZ_2,Time_3,posX_3,posY_3,posZ_3,velX_3,velY_3,velZ_3,Time_4,posX_4,posY_4,posZ_4,velX_4,velY_4,velZ_4,Time_5,posX_5,posY_5,posZ_5,velX_5,velY_5,velZ_5,Time_6,posX_6,posY_6,posZ_6,velX_6,velY_6,velZ_6,Time_7,posX_7,posY_7,posZ_7,velX_7,velY_7,velZ_7,Time_8,posX_8,posY_8,posZ_8,velX_8,velY_8,velZ_8,Time_9,posX_9,posY_9,posZ_9,velX_9,velY_9,velZ_9,Time_10,posX_10,posY_10,posZ_10,velX_10,velY_10,velZ_10,Time_11,posX_11,posY_11,posZ_11,velX_11,velY_11,velZ_11,Time_12,posX_12,posY_12,posZ_12,velX_12,velY_12,velZ_12,Time_13,posX_13,posY_13,posZ_13,velX_13,velY_13,velZ_13,Time_14,posX_14,posY_14,posZ_14,velX_14,velY_14,velZ_14,Time_15,posX_15,posY_15,posZ_15,velX_15,velY_15,velZ_15,Time_16,posX_16,posY_16,posZ_16,velX_16,velY_16,velZ_16,Time_17,posX_17,posY_17,posZ_17,velX_17,velY_17,velZ_17,Time_18,posX_18,posY_18,posZ_18,velX_18,velY_18,velZ_18,Time_19,posX_19,posY_19,posZ_19,velX_19,velY_19,velZ_19,Time_20,posX_20,posY_20,posZ_20,velX_20,velY_20,velZ_20,Time_21,posX_21,posY_21,posZ_21,velX_21,velY_21,velZ_21,Time_22,posX_22,posY_22,posZ_22,velX_22,velY_22,velZ_22,Time_23,posX_23,posY_23,posZ_23,velX_23,velY_23,velZ_23,Time_24,posX_24,posY_24,posZ_24,velX_24,velY_24,velZ_24,Time_25,posX_25,posY_25,posZ_25,velX_25,velY_25,velZ_25,Time_26,posX_26,posY_26,posZ_26,velX_26,velY_26,velZ_26,Time_27,posX_27,posY_27,posZ_27,velX_27,velY_27,velZ_27,Time_28,posX_28,posY_28,posZ_28,velX_28,velY_28,velZ_28,Time_29,posX_29,posY_29,posZ_29,velX_29,velY_29,velZ_29,targetName,class,max_posX,min_posX,median_posX,std_posX,mean_posX,max_posY,min_posY,median_posY,std_posY,mean_posY,max_posZ,min_posZ,median_posZ,std_posZ,mean_posZ,max_velX,min_velX,median_velX,std_velX,mean_velX,max_velY,min_velY,median_velY,std_velY,mean_velY,max_velZ,min_velZ,median_velZ,std_velZ,mean_velZ,V_0,V_1,V_2,V_3,V_4,V_5,V_6,V_7,V_8,V_9,V_10,V_11,V_12,V_13,V_14,V_15,V_16,V_17,V_18,V_19,V_20,V_21,V_22,V_23,V_24,V_25,V_26,V_27,V_28,V_29
0,0,0,-1.2219368196420501,0.16419178386813196,-1.2672301627594427,0.7846636847118477,1.0605838747835739,1.198345138728013,0.5,-1.0719162933767703,-0.8841738501816573,-1.244263090691329,0.7590979389870953,-0.13431784904316255,1.199765711124115,1,-0.9251860456035491,0.9729427792292852,-1.2223064045887817,0.7360211647954279,0.898275305763983,1.1616415555150288,1.5,-0.7741527393258057,0.49660539433206535,-1.2006996402075965,0.71031165608637,-0.23745421065321,1.1182148345043943,2,-0.6275449762839068,0.8232526035198067,-1.1801889630153921,0.6826285076402598,0.036883690404880536,1.0700171034098966,2.5,-0.4836090293156924,0.2298472119381439,-1.1590012993714323,0.6440370379835425,-0.4548023399917533,1.0549165588016831,3,-0.341476230368016,-0.9996495184894209,-1.1402084137925947,0.5895773185723655,-0.876295866483541,1.0197992027622456,3.5,-0.19747984578473296,0.11493323042986321,-1.120712619350951,0.5341030703189805,-0.1112170218146786,1.0103940494134196,4,-0.05594311602744767,-0.2776570325920909,-1.1022661244855556,0.5033791276148532,1.987998057241208,0.9585697347432235,4.5,0.0818073866676964,2.398878484055095,-1.0831292853746728,0.5142525344959556,-0.6190239786426216,0.9456653870480164,5.0,0.21845841390850898,-1.0505426269888765,-1.066359871395547,0.5020015102902577,-0.6945358730889306,0.8850253736215508,5.5,0.35407159532211113,-0.265625069475053,-1.0493727166583349,0.44523930740857676,0.39469057479351316,0.8876788759583412,6.0,0.4881769863750325,0.9539097084124624,-1.0322725971153497,0.42184812709823,-0.15069905240382409,0.8500081484078691,,,,,,,,,,,,,,,,,,,,,,,,,,,,,,,,,,,,,,,,,,,,,,,,,,,,,,,,,,,,,,,,,,,,,,,,,,,,,,,,,,,,,,,,,,,,,,,,,,,,,,,,,,,,,,,,,,,,,,,,YantakNg3,3,0.4881769863750325,-1.2219368196420501,-0.341476230368016,0.5556321587200385,-0.3505177471888171,2.398878484055095,-1.0505426269888765,0.16419178386813196,0.9621881160526287,0.20591639215828889,-1.0322725971153497,-1.2672301627594427,-1.1402084137925947,0.07615090394906285,-1.1436931683697678,0.7846636847118477,0.42184812709823,0.5895773185723655,0.1242394049705153,0.6020893066156741,1.987998057241208,-0.876295866483541,-0.13431784904316255,0.8112612735665073,0.08462194698964899,1.199765711124115,0.8500081484078691,1.0197992027622456,0.11930286181930978,1.0276955133875227,3.176566325069574,2.033708727135191,2.6980367834715713,1.8113315670347907,1.6122786876507567,1.7344778207905742,2.155486274145632,1.3185314507555363,5.124382758078801,1.5419293796307296,1.5176555072950686,1.141992477515167,0.923179899091469,,,,,,,,,,,,,,,,,
1,1,0,-1.2219368196420501,0.16419178386813196,-0.12481056840731045,1.2979547163872207,0.35605050689172507,0.07432615342183571,0.5,-1.045584412272757,0.7225977075831719,-0.12507604764469613,1.2587783059901114,0.2738747130513776,0.020756335683985962,1,-0.8780455518417476,-1.1297133166783098,-0.12465372311329145,1.2592529671123784,-0.842577530300114,0.031099342529813938,1.5,-0.7043065947741932,1.303064840386529,-0.12428992221964846,1.2243929168034782,0.2584437554069632,0.004041122314950691,2,-0.5354873737755492,0.7513090044918426,-0.12448041094406427,1.2192399342516083,-0.8705621856468096,-0.014564834001418567,2.5,-0.3652585901979221,0.33337372561602363,-0.12600583427991838,1.2427642147341726,-0.6569416517035429,-0.039702208695195314,3,-0.19233937703283538,-0.27710357894197624,-0.1266101234552837,1.195852573198003,1.6561990692517277,-0.07768697513248791,3.5,-0.028406640724817543,1.379499995111615,-0.12761629943160108,1.1672616739697508,0.30410010748571403,-0.08316132723664954,4,0.14742813605523547,-0.09564871986305026,-0.12960507187536233,1.1712654132641391,0.17308566524300445,-0.09359032459279222,4.5,0.3136187867594968,1.636770673883384,-0.13113802344274428,1.141103345648091,1.5921570721164562,-0.11250385935401515,5.0,0.4833643026573638,-0.0029798373043350254,-0.13438590671696657,1.1434734943584355,1.228010114345734,-0.16583251525539747,5.5,0.646799512129572,0.9917050544439581,-0.13695434790088964,1.1299648875488226,-2.3810181098557734,-0.1419333054061598,6.0,0.8160886881877888,-0.21529391395878786,-0.1402766767199535,1.1031928281246837,0.278192526998509,-0.1632163109188189,6.5,0.9783173375383326,-1.480402013638591,-0.14358998508229467,1.1508231616015812,1.4390010243970175,-0.17377818153636612,7.0,1.1402617126161028,0.4152196591264411,-0.1479851474579279,1.075674758458261,-0.18672828155074178,-0.22159664164875892,7.5,1.3053841127964856,-1.041634537700089,-0.15248351021523163,1.0651228073381385,-2.342293548240441,-0.2345714654725811,8.0,1.471099890217748,1.7467594236526218,-0.15682696461277884,1.0524450859946934,1.003597850110706,-0.24810194884481687,8.5,1.6317844126940904,0.9645024916036186,-0.1605298273776812,1.0440431313284406,1.602566483301426,-0.26217516288250997,9.0,1.7997830923508455,-0.6804646622421593,-0.1665526600931712,1.0744109899372045,-1.0486563853457984,-0.286155443749491,9.5,1.960138844451004,0.2544062661585817,-0.17235667482321274,1.0501923105705897,-1.8885662860172256,-0.3274543452136577,10.0,2.1193851379640365,-2.0255259472476324,-0.17829321983609808,1.017573945069043,0.11427858175221901,-0.31651076842251147,10.5,2.2795669414668676,-0.692910351988987,-0.1840467205459626,0.9657375925744732,-0.6270172625849009,-0.315307955079326,11.0,2.438120959203131,-0.06998190715305642,-0.19147158862830044,0.9846537567023296,-0.5208461919966377,-0.32973738217404197,11.5,2.601955562582177,-1.1803905059787685,-0.19849941214458508,0.9518763250876046,0.017618403896636728,-0.375899618813735,12.0,2.7614766687478647,-0.23015192077278487,-0.20503472963773192,0.9538440992516136,2.007725834237536,-0.3771384148436402,12.5,2.9171899983924585,-1.5714739174911831,-0.21243636963598128,0.9419661316663482,-0.16526231090001098,-0.4145731716712595,13.0,3.0732339868809557,0.2453549188833965,-0.22075411042411408,0.9275230098324655,0.20860144686332083,-0.40263632203338984,13.5,3.229859820742931,-1.125761052786237,-0.22897288722367898,0.905273638274038,-0.36042409628557565,-0.4369924828022954,,,,,,,,,,,,,,,Schmidhuber14,14,3.229859820742931,-1.2219368196420501,1.0592895250772176,1.356747675736236,1.0408390194347363,1.7467594236526218,-2.0255259472476324,-0.03648087222869573,1.0120836244559723,-0.03252430853345115,-0.12428992221964846,-0.22897288722367898,-0.1457875662701113,0.03329472562089356,-0.1569905987103743,1.2979547163872207,0.905273638274038,1.0894337932914724,0.11382958329558432,1.096987786252776,2.007725834237536,-2.3810181098557734,0.14368212349761172,1.1474993018459108,0.022236046961517913,0.07432615342183571,-0.4369924828022954,-0.19768741159256253,0.15075147711637027,-0.19587850042252603,1.816982786332171,1.6599610075513354,2.296622098853755,1.5659475200969475,2.2446366707415053,1.9776114925421007,4.179093999919809,1.4618924972392486,1.4105804646788123,3.8497381061092604,2.8430408963516456,6.966212949737901,1.3210650622535025,3.4253167538724107,1.24104870870514,6.675849433254625,2.176403880801805,3.7269812095076658,2.3359241278118277,4.776812854061797,1.1486953944580833,1.4252188518273081,1.349550517508399,1.0476794698424594,5.0830149750927065,1.0864827392800436,1.0659295052227222,1.140388319362902,,
2,2,0,-1.2219368196420501,0.16419178386813196,-0.1652179244433879,0.4486860530514038,-0.06971808067801084,-0.04435584196557477,0.5,-1.0872416573030168,-0.5921075010358552,-0.16645634075032836,0.4108050791224657,1.295808443566237,-0.0682955967374069,1,-0.9513369415634205,-0.588184773403892,-0.16967180454301029,0.3792641054010226,1.852560190700294,-0.08331415824113234,1.5,-0.8207193176721626,-0.6195500641003412,-0.171344935802146,0.3905753355736199,-0.18213887047042915,-0.1283430417012325,2,-0.6908560202853398,-2.1363096188451838,-0.17324079335002934,0.3462633575974105,-0.727579949637253,-0.13852622498904787,2.5,-0.5613803861695643,-0.7340151029704457,-0.17691137214681607,0.296247413514841,0.8899698553533838,-0.15013096568326065,3,-0.43377658674558295,0.045686131207895005,-0.17894599006408832,0.23794411642204877,0.461646652914678,-0.18040025094576373,3.5,-0.30504812784620744,1.409356294657725,-0.18305871343073035,0.2743911290035315,-1.8314252535098223,-0.18431626067120363,4,-0.17711847686661683,0.0750830602913043,-0.18716809286766645,0.24074685125132364,0.5292021660955062,-0.20907994829844664,4.5,-0.05619872022202485,-0.5361944541806651,-0.19138308684849378,0.16652488812500388,0.4657522671977003,-0.21453023950264974,5.0,0.06986533488301279,0.558403801979432,-0.19684075714857002,0.19509833036463428,1.4200213021782735,-0.23183358744145105,5.5,0.19162747334190472,0.9628801204538986,-0.20049869600403647,0.15615777638563874,-1.3389796734448194,-0.25676247914039996,6.0,0.3120599888918954,-1.0482693847159934,-0.20553339690643826,0.08352300917816029,0.5798123564567479,-0.3019006762947862,6.5,0.4333072559670173,0.006568830590651459,-0.2113234643031055,0.1012073507495037,0.48227946150527046,-0.29871764389865396,7.0,0.5559065062510069,-0.06262801324474176,-0.2173857263738652,0.09451852616820201,-0.634104264618425,-0.2971795675368444,7.5,0.6721562685782404,0.2491887987860499,-0.2232603091244048,0.029416155536571453,-0.9450450852643124,-0.32425221722773534,8.0,0.7889966664120572,-0.7214183540066728,-0.229902589123911,0.025013690969011917,0.6930103433003361,-0.32220806251798223,8.5,0.9048220636521965,-0.12721427521183332,-0.23621647997712633,0.014441990672152257,1.3317251981259424,-0.3456549886696567,,,,,,,,,,,,,,,,,,,,,,,,,,,,,,,,,,,,,,,,,,,,,,,,,,,,,,,,,,,,,,,,,,,,,,,,,,,,,,,,,,,,,Al-estiam21,21,0.9048220636521965,-1.2219368196420501,-0.11665859854432084,0.6676095836570203,-0.13204841646325857,1.409356294657725,-2.1363096188451838,-0.09492114422828754,0.7923778665162611,-0.2052518177711409,-0.1652179244433879,-0.23621647997712633,-0.18927558985808013,0.02271235128809431,-0.19357558184489748,0.4486860530514038,0.014441990672152257,0.2165212233933415,0.1416293214208292,0.2161569532825859,1.852560190700294,-1.8314252535098223,0.47401586435148535,1.0130779946877821,0.23737761443173877,-0.04435584196557477,-0.3456549886696567,-0.2118050939005482,0.09428118648717129,-0.20998898619240158,0.2081472256927478,1.8525446239840873,3.582761770776576,0.20219559724781386,0.6684604109384962,0.9023481803089444,0.3022792852284892,3.463381434817165,0.38172840376808376,0.29067893642590736,2.1082706694171205,1.8831787877184267,0.43430248010935124,0.33206863761190974,0.4993376655576684,0.9991150237658858,0.5847070562087349,1.8931779456103754,,,,,,,,,,,,
3,3,0,-1.2219368196420501,0.16419178386813196,1.424143852321433,0.3600659427408239,-0.9790859947309952,0.3047506834274669,0.5,-1.0921887874307403,0.18012034991917017,1.4299443506020144,0.36624120671212995,-1.5424706670549155,0.285370338932932,1,-0.9599551481652359,1.6116908749504741,1.4347091883298362,0.3235063218491102,-0.8986935890060583,0.2597658422442344,1.5,-0.8271699248917183,-0.7330592978100213,1.4404832387546027,0.3952613023823565,-0.3927947676985881,0.23471975638301734,2,-0.6937844019511213,1.9606124872742503,1.44357617070004,0.3739012424701679,0.9432087722793476,0.2353168609881671,2.5,-0.5643278066345634,-0.2161523637337238,1.4480103149021883,0.3851994872651643,0.7121962355240209,0.2085267424057514,3,-0.4338070550278996,-0.21311239190388281,1.4524747284712156,0.32366543934415787,0.6420012144128486,0.18741533992839207,3.5,-0.30302723336863235,-0.6654279126743634,1.454107632427607,0.3742946179575189,-0.5694401724380372,0.16234281094616537,4,-0.1716113550509433,1.837147366572705,1.4575470783000584,0.3227556985108996,-0.7103722990705074,0.14021585066761075,4.5,-0.04280886908996724,-0.7421915776397067,1.4601133865370821,0.3343552784818964,-2.5286667230135422,0.15354967899848457,5.0,0.09276997748706925,-2.2964416161794277,1.4622655532537658,0.3558694060576701,0.24960256365216493,0.11680942800115049,5.5,0.22219762134901735,0.9748475417384015,1.4634332130437289,0.3210561640729071,0.7398406813250957,0.0882975431357084,6.0,0.3499005215107543,-0.9104095277499996,1.4653089097559673,0.31999349164792845,1.4559860563435034,0.10277538415266234,6.5,0.48375270726416103,0.8589219195425424,1.4655108775586534,0.33893395283857763,0.3734189697705977,0.05322432037551305,7.0,0.6138153795148225,-0.755883253612904,1.4673423953333953,0.32089613927584554,-0.6619740282215629,0.02749314302968146,7.5,0.7435279705563235,0.9730699339706761,1.467479635023559,0.2905721949258642,-0.7133770154632652,0.011370966671202526,8.0,0.8726900172393417,1.6173224902805128,1.4678113422381354,0.3142681253760372,-0.8473785694146366,-0.011916652708632939,8.5,1.006162583577776,0.5375885105319383,1.4670533127092713,0.3390033266723731,-1.117748414329527,-0.02054719808384827,9.0,1.13528258491418,-0.9391417145594964,1.4656483067919648,0.3226486886280475,0.309942392998188,-0.020925492246007666,9.5,1.26380031848865,-1.7829119583431272,1.4649426845447175,0.3360920348334209,-1.3055392151454037,-0.05253778004905371,10.0,1.395002008810129,-1.689483415809662,1.4632443133116686,0.2896740052605505,0.5177998610976859,-0.0889980234219269,10.5,1.5229584436197439,0.24340254506878514,1.4608115596664621,0.32153741729777446,0.5050818736819493,-0.11403467026005605,11.0,1.6562830072441226,0.4715440313332433,1.4598210243082161,0.29422932882627606,-0.16534332291251252,-0.09917232400146865,,,,,,,,,,,,,,,,,,,,,,,,,,,,,,,,,,,,,,,,,,,,,,,,,,Schmidhuber14,14,1.6562830072441226,-1.2219368196420501,0.22219762134901735,0.8869727655545461,0.2194576408836183,1.9606124872742503,-2.2964416161794277,0.16419178386813196,1.185119409667516,0.02114107847976158,1.4678113422381354,1.424143852321433,1.4608115596664621,0.012965172206544374,1.4559036116906778,0.3952613023823565,0.2896740052605505,0.32366543934415787,0.029193078729183725,0.3358269918881522,1.4559860563435034,-2.5286667230135422,-0.3927947676985881,0.9513065708135545,-0.260165485104963,0.3047506834274669,-0.11403467026005605,0.10277538415266234,0.12918111824868525,0.09407880650074549,1.181129847249729,2.5947846105614896,0.9797847999937866,0.3656125907288875,1.0848189522907739,0.6990855251822867,0.5520493855738939,0.490713759284129,0.6284605289864188,6.52952635224529,0.2025889164195279,0.6582377503565936,2.232854010551468,0.257150779650753,0.5419398191556759,0.5934682655383476,0.816956901142343,1.3647069605802047,0.2006043394765797,1.820150716493429,0.3599483736494821,0.3714979158659115,0.12374446222116454,,,,,,,
4,4,0,-1.2219368196420501,0.16419178386813196,-1.3240832391759716,-0.9183618419537727,0.751739317466751,0.8013948207699646,0.5,-1.124377570293439,-1.4268145175607032,-1.3035774165778446,0.0620206930365283,0.8659625440932587,1.2390000373344023,1,-0.9869307093124862,2.772587172852299,-1.2762968540013477,1.11927900216966,-1.7718319038980719,1.6872016254616555,1.5,-0.7974411668954677,-0.020073183264294997,-1.2384873877187537,2.2146008427504764,0.5217232166173031,2.1865811764608005,2,-0.5577356233928287,0.7369467036414783,-1.1917766471118159,3.4118362962375355,1.3938705752034832,2.707093513111836,2.5,-0.25739174116644303,-1.022686646047378,-1.1336527904566782,4.699313498121501,1.0685038402784994,3.271181007275483,3,0.09777030163475892,-0.32084770383078287,-1.0641936234396614,6.085128797872043,-0.8092960004083496,3.891171197822662,3.5,0.5150512554523398,0.6243966932909659,-0.9857241694868564,6.655561426238929,-3.2523591678369286,4.1364285045411675,4,0.913193301957043,0.6835125239122136,-0.9097827192003903,6.037675253171395,-0.4923259851819425,3.8226606662865334,4.5,1.285310104212637,-1.0702405528524286,-0.8387249581292219,5.427274215422903,0.35089961941606945,3.548644864834975,5.0,1.6369799571696366,-1.7947284283973302,-0.7726380401117432,4.9915937770176795,-0.5231089409446579,3.3352826833756053,5.5,1.9655927087602603,0.06940550885715513,-0.7101142093677233,4.574586864599156,0.0932794204279523,3.152944317070322,6.0,2.2806763591659895,1.6299773739660348,-0.6517848783043815,4.2478557923274405,0.3165010192003199,2.9679957412751494,6.5,2.5784549507044914,1.4214768767039583,-0.5964601759953744,3.9178775078480963,-0.5162574192864698,2.804937591989508,7.0,2.859763848046297,0.6815069562489199,-0.5431331175720112,3.6908504173835683,-1.6567969323911682,2.6767891002839264,7.5,3.137202405635668,1.1728374314901502,-0.4923379876469176,3.427726625822453,2.1171564073855067,2.5849370318244573,8.0,3.4067267646545654,-0.05214007911217697,-0.44464809040093844,3.2250454792797814,-0.31172527858377924,2.456220915225616,8.5,3.6622053821329636,1.4674541775921988,-0.3971427390791257,3.0470279227226236,1.2293708959362069,2.34158079163084,9.0,3.91259113556702,0.5713257342922324,-0.3539286509139327,2.866485014272237,-0.36848142373712073,2.2786835306662008,9.5,4.15231770894471,0.9039372963563768,-0.3103700943568119,2.70043477020817,-0.26323708237290167,2.1693698127049914,10.0,4.389030992693133,0.8912197453409648,-0.26935294589754266,2.59738023354211,-0.26657511803030565,2.1103702229894794,10.5,4.614323138989783,1.3995292335290752,-0.23039990350509523,2.458862698239162,0.04647422476698508,2.0388209293519926,11.0,4.836558765451264,0.8383056768251154,-0.19123030952877662,2.31234156025616,-0.8407656644352298,1.9634604705401433,11.5,5.056007857540422,2.4977571828550413,-0.1544677845853642,2.238435742710276,-0.01770596427637041,1.905237887644192,12.0,5.271474222380014,0.3251590363058249,-0.11719656624756387,2.1345825709727477,-1.8511514010095373,1.8493313825191446,12.5,5.4819327307827175,0.5096306500574269,-0.08232351312024902,2.0628167246003017,-0.8343245869894417,1.7873425678962662,13.0,5.687455997050609,-0.6093451255097582,-0.04877170819960756,1.9470252904592122,-0.08799427777358856,1.7574964210790434,13.5,5.889961680083203,-0.2099028445900861,-0.015052745875290248,1.865311343029529,0.9185383118012334,1.6891347029486183,14.0,6.085466833205889,-0.5070599552942386,0.01680307870420652,1.7649555648916315,-0.5532232944069668,1.6516311324994601,,,,,,,,emnistur20,20,6.085466833205889,-1.2219368196420501,2.859763848046297,2.391431400060417,2.578283957638369,2.772587172852299,-1.7947284283973302,0.5713257342922324,1.068712041785876,0.4250799559147029,0.01680307870420652,-1.3240832391759716,-0.5431331175720112,0.4408986676858725,-0.6079603512863029,6.655561426238929,-0.9183618419537727,2.866485014272237,1.7464685275584413,3.1332939339051564,2.1171564073855067,-3.2523591678369286,-0.26323708237290167,1.1081590710167655,-0.16355658789549174,4.1364285045411675,0.8013948207699646,2.2786835306662008,0.818574238747452,2.441824987841877,2.0507341329390267,2.2888587866518506,7.238823105329429,9.957789248721326,20.911857381474135,33.92587299267668,52.82496579373326,71.98437882823316,51.30864190801785,42.17131632902027,36.31376197688304,30.87660389858455,26.95345044779205,23.483960784426234,23.532552766080077,22.913560533203118,16.53111217712285,16.278732565360848,13.544913529616027,12.06780709396114,11.271108849228803,10.204956404323386,9.908987413154827,8.640839483928763,11.40323082413037,8.145903810759838,6.887444144714321,7.176275081386602,6.149009557357885,
5,5,0,-1.2219368196420501,0.16419178386813196,-0.7314560498091812,0.7208533174396282,-1.33503372978023,0.5432552781611552,0.5,-1.0764802165290845,0.7249334399261876,-0.7204860292232693,0.6791408001205954,0.756374505202767,0.50221820960925,1,-0.9264534487638891,-0.7460801776407106,-0.7110082602923082,0.7006536119848112,-1.1894352431877617,0.5066608408127815,1.5,-0.7802090889856472,0.21818512322498967,-0.7013725086625737,0.6963003986008465,1.7482208145384497,0.4982625828255525,2,-0.6358436646076291,1.48537830026675,-0.6938918580094777,0.6941096375022001,1.1558451346732332,0.46514547039662585,2.5,-0.4880066247116967,0.65348508121807,-0.6844034775391105,0.650700454779221,1.4649551190390868,0.4347687804957185,3,-0.34497772412678507,1.0679657481778946,-0.6755403790349149,0.6091215792176241,0.9672777183896787,0.40836888404462995,3.5,-0.19878039826640728,-0.6761723307788234,-0.6685562728184078,0.6319823510175969,1.9080914860811689,0.3903282413274618,4,-0.054711984187979366,1.0373374559161932,-0.6604673120781073,0.600400444871164,-2.1513248210214337,0.3591841120249398,4.5,0.08525075880394235,2.2127711894293145,-0.6534436475526264,0.5581284484657864,-0.10345141443113891,0.35091448403417674,5.0,0.230509428102505,0.7971231660977465,-0.6477867806446636,0.6391476132532947,0.22417862666673585,0.3438438221378554,5.5,0.3691757146544014,-0.9712560789657165,-0.6420133684753156,0.5825805519174677,1.4456392990775337,0.3122131788145639,6.0,0.508741774282343,-0.2995090810225056,-0.6366679373318259,0.5200369032067453,-1.8712253137855834,0.2928382223940216,6.5,0.6524636114486994,1.039862973356854,-0.6307021270224451,0.5574483901242153,-0.7648358551783786,0.27374757800694516,,,,,,,,,,,,,,,,,,,,,,,,,,,,,,,,,,,,,,,,,,,,,,,,,,,,,,,,,,,,,,,,,,,,,,,,,,,,,,,,,,,,,,,,,,,,,,,,,,,,,,,,,,,,,,,,,Al-kartin8,8,0.6524636114486994,-1.2219368196420501,-0.27187906119659616,0.6030788733891528,-0.2772327630378056,2.2127711894293145,-0.9712560789657165,0.6892092605721288,0.9154978054454253,0.4791583280767412,-0.6307021270224451,-0.7314560498091812,-0.6720483259266614,0.03242431374334345,-0.6755568577495877,0.7208533174396282,0.5200369032067453,0.6355649821354459,0.062471188698471215,0.631471750178657,1.9080914860811689,-2.1513248210214337,0.4902765659347514,1.3974191357661083,0.161091166163152,0.5432552781611552,0.27374757800694516,0.3993485626860459,0.08748644658708585,0.4058392632204055,2.5970708621645837,1.2855577485722938,2.162376889337607,3.789375862921169,2.0341264728517188,2.758528475142444,1.4734204282175711,4.192570947230962,5.11769240607554,0.44535053523960166,0.5769943022039361,2.526750151535339,3.8576767801437075,0.9706603294831896,,,,,,,,,,,,,,,,
6,6,0,-1.2219368196420501,0.16419178386813196,-1.061908763612584,-0.9345826876936484,1.2491994662812371,-0.9556643343549659,0.5,-1.147461134835524,0.9995424168104208,-1.0799834215669581,-0.9458086101754107,-0.6011217367463343,-0.9714488347424868,1,-1.0730218803214302,-0.6401152771253366,-1.0989777947895525,-0.9744896535658354,0.6621790160198646,-0.97348939791239,1.5,-1.0010747364848502,-0.2721146069390657,-1.1200849121017116,-1.0070909627316385,0.2016350566014493,-0.991168207960382,2,-0.926021762648682,1.3820907682594001,-1.138713037717971,-0.976492706622661,-0.3393474764873371,-1.0084770758428865,2.5,-0.8590102037371704,0.38235447303678965,-1.1578281033199904,-0.9763696948340824,-0.913736762772547,-1.0237931198409138,3,-0.7850708493138546,-0.17805731486306542,-1.1782391453652385,-0.9852975764258458,-1.2043056500943712,-1.0387429410248608,3.5,-0.711985057019738,0.7178918880368166,-1.198493624204312,-0.9880595961618341,-0.06636888623227634,-1.0649365980373555,4,-0.6428282680454733,-0.41370341017491563,-1.2196112113416968,-1.014846348728678,-2.426960473489474,-1.0520445705886527,4.5,-0.5707959781960162,0.24089951888248617,-1.2400846776047694,-1.00272117431894,-1.1227818093640298,-1.070538502055686,,,,,,,,,,,,,,,,,,,,,,,,,,,,,,,,,,,,,,,,,,,,,,,,,,,,,,,,,,,,,,,,,,,,,,,,,,,,,,,,,,,,,,,,,,,,,,,,,,,,,,,,,,,,,,,,,,,,,,,,,,,,,,,,,,,,,,,,,,,,,YantakNg3,3,-0.5707959781960162,-1.2219368196420501,-0.8925159831929261,0.21860457236968625,-0.893920669024479,1.3820907682594001,-0.6401152771253366,0.20254565137530905,0.6476113825024568,0.23829802397916616,-1.061908763612584,-1.2400846776047694,-1.1482705705189806,0.060051459115619224,-1.1493924691624784,-0.9345826876936484,-1.014846348728678,-0.9808951415242534,0.025477162681328377,-0.9805759011258577,1.2491994662812371,-2.426960473489474,-0.4702346066168357,1.0475241251117837,-0.4561609256283819,-0.9556643343549659,-1.070538502055686,-1.0161350978419001,0.04128839544113885,-1.0150303582360578,3.3472384266521313,2.1996141079934066,2.3357927420117255,2.037303319737803,2.085720728386193,2.836365004866045,3.500150310488849,2.114756552466576,8.026848029913245,3.4121414292499503,,,,,,,,,,,,,,,,,,,,
7,7,0,-1.2219368196420501,0.16419178386813196,-0.8981266796581904,2.3876444408125868,-0.23304813321588763,1.3434992712178946,0.5,-0.9998557692501228,-0.2837111514261358,-0.8721417216947742,2.3374472668237503,1.501106442436479,1.2965901039005496,1,-0.7794316102925493,1.0204361804290365,-0.848635992823884,2.2891126090175025,-0.24818421020875187,1.2623160922281755,1.5,-0.5649530579548555,-1.232408687215566,-0.8252537015755674,2.1849984850213087,1.0247967328810734,1.2116797842823965,2,-0.35202785717868335,-0.9927978519629383,-0.801808250771494,2.1606001417730627,-0.16673936280135807,1.1877421984894565,2.5,-0.14044034778832623,0.6235101685860949,-0.7797395357664496,2.155780263519416,-1.4590748093389945,1.1262787306033533,3,0.07105965711090476,0.30952951865336603,-0.7580689992854273,2.0814268750391447,-0.4131959763079283,1.1238737051943273,3.5,0.2777249859411221,0.23176896372635622,-0.736844425240033,2.017491034421386,0.57609808389522,1.078844939429254,4,0.4849293074725038,0.379767285092115,-0.7154346740108865,1.9835833780866374,-0.6616063494607443,1.0562206750345768,4.5,0.6835139887881131,-0.1134110861321881,-0.6970605088991626,1.8924866143193453,0.2738639912439493,1.017748732761799,5.0,0.8845405201917892,0.1301077752045897,-0.6770260329611981,1.883322489070167,-1.357795997761237,1.014928333337163,5.5,1.0856997194549203,0.47870565707988555,-0.6577272324823792,1.8470826784486865,1.3725074257740268,0.9778175010284368,,,,,,,,,,,,,,,,,,,,,,,,,,,,,,,,,,,,,,,,,,,,,,,,,,,,,,,,,,,,,,,,,,,,,,,,,,,,,,,,,,,,,,,,,,,,,,,,,,,,,,,,,,,,,,,,,,,,,,,,,,,,,,,bekpropan13,13,1.0856997194549203,-1.2219368196420501,-0.03469034533871074,0.755685790338739,-0.04759810692893616,1.0204361804290365,-1.232408687215566,0.1979803737972441,0.643286889163212,0.05964071299189563,-0.6577272324823792,-0.8981266796581904,-0.7689042675259384,0.07857618881359754,-0.7723223129307873,2.3876444408125868,1.8470826784486865,2.1186035692792804,0.1817939990294518,2.1017480230294163,1.501106442436479,-1.4590748093389945,-0.19989374800862286,0.9683743361860753,0.01739398642798723,1.3434992712178946,0.9778175010284368,1.1250762178988403,0.11923392442184752,1.1414616722922821,7.560147699901674,9.39812617423896,6.895073855658071,7.292594622907771,6.106726517809749,8.044791622836968,5.766160856199507,5.566065479570528,5.487928093838866,4.692319554116212,6.420593091184434,6.2516181201475165,,,,,,,,,,,,,,,,,,
8,8,0,-1.2219368196420501,0.16419178386813196,2.083074603919914,-0.34823386008577095,-0.6606302803177841,-0.18347071757845346,0.5,-1.122762438650588,-0.33448084906018183,2.079422554910215,-0.3652013499940833,1.0232029722928628,-0.1857739354425325,1,-1.0224084123690487,0.9103187240522144,2.0756275463353417,-0.3278098146795456,-0.49611078338881637,-0.20616249257221986,1.5,-0.9246489993337278,-1.0828446474937248,2.0707662240776137,-0.3391339095351892,0.42550754310766364,-0.23855054859392477,2,-0.8207695817155454,-1.5354142808447842,2.066209495642189,-0.34396575845220745,-1.7057462968098236,-0.24781800838504767,2.5,-0.7233078230262989,-1.1506476184409942,2.060601469509788,-0.37970295180048247,-1.2695277398903226,-0.2722461347997119,3,-0.6281330088280273,1.98782984371365,2.0552197299839157,-0.37762941681863255,0.7480947875951358,-0.30346468995108555,3.5,-0.5257012263517457,-1.7780596829233681,2.049227927883232,-0.3943961255667114,0.7502449750769405,-0.2976311427984964,4,-0.4266989831622173,0.5072487606784626,2.041595689080123,-0.3334678091732856,-0.181579006849955,-0.3120299360238553,4.5,-0.3244725977480212,0.8364289535409072,2.036121082435157,-0.37490387463940955,0.19240820582594625,-0.347453010312463,5.0,-0.22642289896741835,0.0818983422088031,2.0292010668351885,-0.34624043852215114,-1.9013769098094833,-0.365963268693343,5.5,-0.12542772956803666,0.796508264624715,2.0218726721182985,-0.36541915618711196,-2.4162728075540887,-0.36543517362090927,6.0,-0.028447140889337266,-1.1643634715339948,2.0139588535408954,-0.34662858791591566,-1.3462493359754988,-0.4013272360988037,6.5,0.07047750698386256,0.2696910509026114,2.0056341710177192,-0.3709737302350123,-0.15680293101402643,-0.42394148655154995,7.0,0.17213352998137393,0.810996234217837,1.9977650322746017,-0.3655151155212642,-0.3673081760814767,-0.4189640344567429,7.5,0.27152738988211833,-2.171183234630625,1.9886565748373515,-0.35074424358860967,-0.9788817527040259,-0.4712702197877567,8.0,0.3685444954527368,1.6301268498791894,1.9791355437613058,-0.3674296455315304,1.4489364481884108,-0.4620918014627871,8.5,0.4770607419770961,0.887430055032019,1.9686070921214793,-0.3155055521565989,2.2726171765908623,-0.49932639369847615,9.0,0.5702783668829862,-1.8802854702454295,1.959256973412545,-0.34686949438651876,-0.11774617143079409,-0.5330118732595728,9.5,0.6697618414553641,-2.3377949795241753,1.949403973229357,-0.34834206598715456,0.267633186552989,-0.5283851339839918,,,,,,,,,,,,,,,,,,,,,,,,,,,,,,,,,,,,,,,,,,,,,,,,,,,,,,,,,,,,,,,,,,,,,,,Linnainmaa16,16,0.6697618414553641,-1.2219368196420501,-0.2754477483577198,0.5892993105060491,-0.27606768938182624,1.98782984371365,-2.3377949795241753,0.12304506303846753,1.3127347718199875,-0.2276202685989368,2.083074603919914,1.949403973229357,2.0326610746351728,0.042124866057169794,2.0265679138463115,-0.3155055521565989,-0.3943961255667114,-0.3495431547878821,0.019544120649928682,-0.35540564503885924,2.2726171765908623,-2.4162728075540887,-0.1691909689319907,1.1778410269577209,-0.22347934482976428,-0.18347071757845346,-0.5330118732595728,-0.35644409196668614,0.11208164146876806,-0.3532158619035862,0.591360692791743,1.2148283036362562,0.39608815733849373,0.35297484207260454,3.0892966373479602,1.829992971870413,0.7943406057209004,0.8070001236537713,0.24153439645849806,0.29829742726399433,3.8690457084573873,6.105448306353164,2.093602203009758,0.34193505171860716,0.44404745805909507,1.303326630246252,2.4479502082833973,5.513659432221388,0.418284264058248,0.47216056729598715,,,,,,,,,,
9,9,0,-1.2219368196420501,0.16419178386813196,-0.8293594349912637,2.5768417876213294,0.1472246134567641,2.28908873709915,0.5,-0.993964518022609,2.075824090779433,-0.7842705670160246,2.5025236705465845,0.43322847964522043,2.254360889946404,1,-0.7650239402234672,0.9756062011682839,-0.7419462703074957,2.454051006010502,-1.9988349396704428,2.215280361741864,1.5,-0.5385492306450849,1.019224080969144,-0.7000135011270423,2.383218461085962,0.11026397715824392,2.152691488588726,2,-0.31932809402298445,1.7904963702717738,-0.6585561181466487,2.3488324066771344,0.018094597432515885,2.145717045617356,2.5,-0.0988043190359093,-0.05896485448581412,-0.6179532157466885,2.272115589936734,1.3611539731780093,2.0988591131769403,3,0.11853387292298098,-0.9283959822156302,-0.5785787085342483,2.251260778306441,0.36294495046847747,2.0541331931107156,3.5,0.3315691025878416,0.4184241716410952,-0.5395680152521817,2.2293969307969044,1.5924802499417474,2.01663263648381,4,0.5469127493269853,0.009609556374709196,-0.5013566780121206,2.126658055751946,-0.7670770270583335,1.978083143534927,4.5,0.756819188146425,0.5996030313075073,-0.4640890577939585,2.120974815740935,-0.5192799591287658,1.95076548989628,5.0,0.9620106629820505,-0.021050099633769647,-0.4274951721871823,2.0293848297085684,1.5536065070802463,1.908839990694081,5.5,1.1741995655526833,1.1419081496073398,-0.3918660447503747,2.006034239894445,1.2120623501125485,1.8477637636789757,6.0,1.378150905388935,1.9188895883415071,-0.356076129818343,2.00207607291359,1.0647970291221143,1.8361858248526943,6.5,1.5842774085481113,-0.4414670120840272,-0.32110718771519453,1.9329125465693426,1.2358495510472205,1.7920492964246206,7.0,1.7828595329097148,1.5964795885720107,-0.2874677589857021,1.9162785243898044,-0.31065768907714975,1.7613879527959138,7.5,1.9871568795571493,2.0760906846090417,-0.2536883252482264,1.9112584637518784,0.7965593568234708,1.749805087161623,8.0,2.1877274874286172,0.7483944882333818,-0.22092220894620934,1.85681537325858,0.5583477690373752,1.6865892589396732,8.5,2.381608682856525,1.6254191104443572,-0.18901533503903215,1.8150926287716738,-0.1105159205664343,1.675629025524532,9.0,2.58158350190096,0.8174792020116678,-0.15640928965267173,1.781705369819502,-0.575624063522163,1.647217879874097,9.5,2.7753672020357363,1.3494967336626724,-0.12576116852528124,1.7604325455613998,0.16996823457495083,1.612814393725679,,,,,,,,,,,,,,,,,,,,,,,,,,,,,,,,,,,,,,,,,,,,,,,,,,,,,,,,,,,,,,,,,,,,,,,dekaggler18,18,2.7753672020357363,-1.2219368196420501,0.8594149255642378,1.2425298096474504,0.8305584910276306,2.0760906846090417,-0.9283959822156302,0.8965427015899758,0.8712461472101696,0.8438629441721408,-0.12576116852528124,-0.8293594349912637,-0.44579211499057037,0.21856206465791997,-0.45727500938979454,2.5768417876213294,1.7604325455613998,2.0751798227247518,0.25142247299648574,2.1138932048556627,1.5924802499417474,-1.9988349396704428,0.26645659252171416,0.9046219228525254,0.3167296020027808,2.28908873709915,1.612814393725679,1.9298027402951805,0.21349606929929996,1.9336947286434036,11.901715931553165,11.532454659341601,14.925174537267663,10.325969022962038,10.12144272896582,11.420458969697727,9.419367304050711,11.573011212032831,9.023894574272319,8.57367184153034,10.175766075966337,8.90749943855433,8.513679698350353,8.474915706324776,6.871119103074902,7.349233567262907,6.604098889929089,6.1145076509002045,6.219143831126331,5.729182216845045,,,,,,,,,,
10,10,0,-1.2219368196420501,0.16419178386813196,-0.9932695554768893,-1.1367038546688728,-0.13318159926093864,-0.32835851364762075,0.5,-1.1578921659312735,0.32176640402268486,-1.0002811714209312,-1.093479568669343,0.9011857882877558,-0.3287909648110329,1,-1.0920055226431455,2.032845341019444,-1.0078345032750409,-1.114274795931186,-0.5120306093009771,-0.3523752783719603,1.5,-1.0287454961291502,0.3975908163465085,-1.0150307197218706,-1.1536439565554253,0.888559684563795,-0.3637335074216278,2,-0.9681880185242802,1.3357422401215062,-1.0225891680604435,-1.1980501283090303,-1.3347848131122955,-0.3689581892186296,2.5,-0.9070739374990002,0.6880837635208369,-1.030949016503856,-1.2163287364819828,0.6983149033794043,-0.40035551783875467,3,-0.8420780305635107,0.6432822056943832,-1.0389208618870924,-1.2055746186317238,0.22508912465912612,-0.4355212659344385,3.5,-0.7827841075213536,-1.7470296711087159,-1.0468507513292702,-1.2137488240672807,0.24371574949673544,-0.4571086617692797,4,-0.7194968514968695,0.327896681701671,-1.0557053506053593,-1.2281765698264757,0.701819787724017,-0.4464808639608195,4.5,-0.6589063179837858,-0.0837595787624359,-1.0651174707545044,-1.2500153274010257,-1.3086642049828072,-0.4323789092946281,5.0,-0.6014153225916443,1.9752765722398824,-1.0739997285383704,-1.2615783301251742,-0.41586429052086465,-0.4781051288311917,5.5,-0.5427014856278564,0.7963658267564258,-1.083254886079462,-1.2931539790939803,-1.0255953602455625,-0.4809055584798253,6.0,-0.48596390573128034,0.004751100028944362,-1.093977020415667,-1.3057280871109942,0.8575123743684855,-0.5122038568096833,6.5,-0.4276683293347482,1.5164808373689227,-1.103702003763327,-1.3279120939614653,0.24099382874536981,-0.5210403325471908,7.0,-0.37457128494726105,0.7025013228933608,-1.113805604174676,-1.3478641269846239,-1.1545538962012674,-0.5354519924859839,7.5,-0.31690270616380833,1.3489502972658052,-1.1246673941483156,-1.3305615863590818,-1.1827006879631259,-0.5387622341486282,8.0,-0.26083350195580884,-1.1166317397534922,-1.1358555670463693,-1.3497239471558637,-0.22479003751107654,-0.5730636944524548,8.5,-0.20572568150423812,0.23955184608099991,-1.1473121726186446,-1.3699802312813287,0.20044733380565494,-0.566764401511988,9.0,-0.15109627953935684,-0.6579588447709352,-1.158378294829936,-1.372094880924929,0.23423602065301685,-0.5950638188220192,9.5,-0.09473128439941238,0.8210556020555784,-1.1697876209018536,-1.4061603632249013,0.45596516498556844,-0.6029848314724486,10.0,-0.04717151972688923,-3.044041060807404,-1.181756204643437,-1.4218323107171316,0.5462909165446135,-0.6160114658188303,10.5,0.007413837973354802,-1.7190519203288877,-1.1936401826297136,-1.4064903130119897,-0.26995906522730884,-0.6439226758145555,11.0,0.057990606734705644,-0.22584905994171153,-1.2073041865064216,-1.420189341674353,1.1493052326013664,-0.6480683721826609,,,,,,,,,,,,,,,,,,,,,,,,,,,,,,,,,,,,,,,,,,,,,,,,,,Palachiat1,1,0.057990606734705644,-1.2219368196420501,-0.5427014856278564,0.39507097422275267,-0.5574993097716812,2.032845341019444,-3.044041060807404,0.327896681701671,1.2270096234323782,0.20530481589180455,-0.9932695554768893,-1.2073041865064216,-1.083254886079462,0.06595353486696726,-1.0897386711013677,-1.093479568669343,-1.4218323107171316,-1.2931539790939803,0.10152966926349423,-1.279272433572529,1.1493052326013664,-1.3347848131122955,0.22508912465912612,0.776345807098395,-0.009508202370057171,-0.32835851364762075,-0.6480683721826609,-0.4809055584798253,0.10138719686354969,-0.48810478415853276,1.41765230508565,2.115936890650486,1.6279520025163328,2.252734755950206,3.3531047526479996,2.127383840137581,1.6937540482099738,1.7415319031419638,2.200313862994912,3.4620918413435886,1.9931075053865355,2.9553632127806124,2.7026061005963284,2.0929115829233633,3.4364412403027593,3.459439797347669,2.2006872923897327,2.2382468545526804,2.2916118241028007,2.5487819057709604,2.6995110113186356,2.465729309923144,3.757832898913797,,,,,,,
11,11,0,-1.2219368196420501,0.16419178386813196,3.0439732176310206,0.5908244788346606,0.7573643164161916,0.13037722468096236,0.5,-1.0801945607814014,-1.6837474161974522,3.0470485849691205,0.6140800609878155,-0.23252840204181252,0.09787413162699368,1,-0.9336439631240195,-0.33936671970539434,3.0489284852262317,0.6083340137377112,0.14650375513544997,0.10083627584422979,1.5,-0.7904713350640286,-0.2256217783706492,3.0500692279192805,0.6147177961818004,0.2250604352597184,0.08784218099970244,2,-0.6485340179897869,0.1751252537390711,3.0519800585983052,0.6162462869983132,0.666153823726899,0.05002237529502538,2.5,-0.506902371558747,0.753957385711414,3.0514421408462757,0.5922697410922408,0.4455722644112704,0.019800879079885068,3,-0.3647870175531812,-0.41456205180667366,3.0518964697997304,0.6036033619628624,0.06938874364282864,0.023920670206791006,3.5,-0.22164085971936695,1.6239412386868335,3.0514736813883925,0.590874041286433,-0.464867537888457,-0.0053775747086303805,4,-0.0784138935100289,-0.2570324014108472,3.0525693660781985,0.5817951805863829,0.6395083806449593,-0.02421417970069448,4.5,0.06259054021348043,0.5986249736964409,3.0517693110860633,0.5573486257273997,-0.8158469077817196,-0.049621832898467035,5.0,0.2048064123414148,-1.172110418818895,3.0495565173305295,0.6246301652961311,0.43845205565611023,-0.04113701415316779,,,,,,,,,,,,,,,,,,,,,,,,,,,,,,,,,,,,,,,,,,,,,,,,,,,,,,,,,,,,,,,,,,,,,,,,,,,,,,,,,,,,,,,,,,,,,,,,,,,,,,,,,,,,,,,,,,,,,,,,,,,,,,,,,,,,,,datakabir24,24,0.2048064123414148,-1.2219368196420501,-0.506902371558747,0.47313226268773406,-0.507193444217065,1.6239412386868335,-1.6837474161974522,-0.2256217783706492,0.9044135704078098,-0.07060001369163818,3.0525693660781985,3.0439732176310206,3.0514421408462757,0.0026045721650485507,3.0500642782611957,0.6246301652961311,0.5573486257273997,0.6036033619628624,0.019347204243605004,0.5995203411537955,0.7573643164161916,-0.8158469077817196,0.2250604352597184,0.5010283899805787,0.17043281156194892,0.13037722468096236,-0.049621832898467035,0.023920670206791006,0.06232809196077068,0.035483921479329994,0.9396724932863237,0.44074312470065613,0.4017015770651553,0.43624641722468793,0.8260226411353323,0.5497101638383933,0.36972401478034245,0.5652628787583842,0.7480429275672575,0.9787059938374182,0.5840953024403789,,,,,,,,,,,,,,,,,,,
12,12,0,-1.2219368196420501,0.16419178386813196,-0.5076106184492035,2.8712999546169673,-0.8195696255457446,1.1785224985248475,0.5,-0.9777220998255111,0.009610251036500749,-0.4861501500831338,2.774196791746933,-2.1322048124940025,1.1583241845447774,1,-0.7394852051954183,-0.04992054306302945,-0.46420539033361413,2.662601264023605,1.4504343911730642,1.1343386857471882,1.5,-0.5043937747054268,0.8769367006002864,-0.44239258305509116,2.567722203152682,0.2611815319526031,1.0674664518987993,2,-0.2763152700935584,-0.08319806306011478,-0.42335220433307863,2.476058044762756,-0.09291617818399152,1.0439339977719413,2.5,-0.05064204075885094,-0.38053846158858834,-0.40326774827635664,2.396616625477251,1.0928611462388034,0.9855246036518901,3,0.16925993476050025,1.2658176279463684,-0.3848555776026245,2.3271794448119074,0.0039080534918440055,0.9481777044536162,3.5,0.38673540566052617,1.0452502865411695,-0.36755897723179987,2.2351478485703176,-0.6531064958917345,0.9184138425297798,4,0.6019878645226256,-0.4694145841230715,-0.3498731726320096,2.148456508065614,-0.4390337863488832,0.9007606200787105,4.5,0.8087413745574557,-0.07785225971535709,-0.33367305361720095,2.0524170032352007,1.1064360992460667,0.8601063755064402,5.0,1.0175681977801456,1.7315954838514565,-0.31721575780449696,2.02085460997383,0.7723276684184153,0.8169390178840802,5.5,1.2215414883543576,0.08164511806653596,-0.30164535105473017,1.9259487659629715,-0.2072874897107786,0.7960008372553241,6.0,1.4235608244469324,-0.5069281739999086,-0.2880006863135974,1.8617823417609882,-1.2034229337663735,0.7744465177063131,,,,,,,,,,,,,,,,,,,,,,,,,,,,,,,,,,,,,,,,,,,,,,,,,,,,,,,,,,,,,,,,,,,,,,,,,,,,,,,,,,,,,,,,,,,,,,,,,,,,,,,,,,,,,,,,,,,,,,,,Al-estiam21,21,1.4235608244469324,-1.2219368196420501,0.16925993476050025,0.8569435603731863,0.1429922984509022,1.7315954838514565,-0.5069281739999086,0.009610251036500749,0.7148833922232544,0.2774765512584907,-0.2880006863135974,-0.5076106184492035,-0.3848555776026245,0.07155291336361118,-0.38998471313745664,2.8712999546169673,1.8617823417609882,2.3271794448119074,0.32662712711989283,2.3323293389354633,1.4504343911730642,-2.1322048124940025,-0.09291617818399152,1.0192808687420147,-0.06618403318620862,1.1785224985248475,0.7744465177063131,0.9481777044536162,0.13936107553252722,0.9679196413502852,10.30497308002984,13.584180118262882,10.479929668260336,7.800897731125784,7.229295048906788,7.909375478875573,6.314820400460081,6.265917986094815,5.619985727289911,6.176399374070639,5.347732740998512,4.385864085416066,5.51422765439533,,,,,,,,,,,,,,,,,
13,13,0,-1.2219368196420501,0.16419178386813196,0.3666155018857426,-0.15027537977135788,-0.13271704278466812,-0.012462826258493506,0.5,-1.1128047893222532,0.12842036690957823,0.3661145129556009,-0.1531889263481638,0.18950207960982868,-0.026873184612073324,1,-1.0035257735831369,0.10773353199696332,0.36483976766376175,-0.21015922603837195,2.061218824285732,-0.021826658308471115,1.5,-0.8974053377764717,-0.6126835665266454,0.36297912999214943,-0.14469089730320592,-0.6727690775688107,-0.08804596173367056,2,-0.7929639028508082,-0.5832079621085383,0.3626635695408136,-0.19316067127583156,1.618123883764616,-0.07698093207070626,2.5,-0.6831034394616078,-2.070544231285468,0.3606588730470104,-0.23503655768236878,-0.4017661209582881,-0.09781456285734919,3,-0.5758033050790258,0.2606580729821773,0.35747368141081853,-0.15345527435245032,0.7084169252817241,-0.1078787406548973,3.5,-0.46968644216519534,0.9424357265373512,0.35564278843369107,-0.19461645055056576,-0.10835799965486874,-0.12216390371362842,4,-0.3643413933956485,0.7499594209045468,0.35285617612467224,-0.18576793670791747,-0.16802263970099302,-0.16337780947380268,4.5,-0.25343497342741517,-0.6193865856024895,0.3489646193626294,-0.20816043668904569,1.1829411177926945,-0.18966486764053908,5.0,-0.14819992984453506,0.4166583013870965,0.3444851582121859,-0.23382965693527433,-1.5627293775824123,-0.1882865628718694,5.5,-0.04188307551547101,-1.1170035913423995,0.34168202298610756,-0.2027638260437201,0.10016735947303981,-0.20551227016661452,6.0,0.06058592494526174,-0.018448421912671206,0.33680438335525353,-0.21417321161256256,-1.2392871097117355,-0.23459995606182488,6.5,0.1679561194658446,0.7044863040242838,0.3322043935161338,-0.25943836524562575,1.6545650376124363,-0.2784365509376116,7.0,0.2680731129373702,0.9073834051525159,0.3265145649736779,-0.27781347599565015,2.9488361341693343,-0.2547045239781453,7.5,0.378700535665061,-0.6984709718051925,0.320892653557568,-0.2439333200196336,-1.3675367000928467,-0.2835350827065768,8.0,0.48418405154574956,-0.6880047910944271,0.3151134605944264,-0.19001226322013104,-0.25354460328424927,-0.3134363713750569,8.5,0.5891921061311881,0.509067014951351,0.30892210674961157,-0.2405139907452787,1.2441725886442732,-0.3280254495367702,9.0,0.6953552907000833,2.9135369773563022,0.3008899130329482,-0.25042530476651065,0.5401532743335977,-0.35915834189711143,9.5,0.7940654163866279,-0.4904115370239437,0.29493800164403644,-0.27335667272793013,0.6132469128969913,-0.34494882851837394,10.0,0.9012710341685926,1.0162617602303694,0.28792563810837707,-0.25886472992569054,0.28286151076203897,-0.3689283253164282,10.5,1.0044017969826797,-0.7741414827686409,0.2806060004683524,-0.28916195545459206,-1.1936559223841035,-0.39318700260555395,11.0,1.1060785594785083,-0.6117513687905372,0.2715321074210324,-0.26787222991118514,-0.6702436275673105,-0.41067646382806405,11.5,1.2082183837271598,0.2762461380351344,0.2645885646952158,-0.27483081073999654,0.4208525763252128,-0.41741901549942434,12.0,1.315443721113729,-2.1840145156586286,0.2559336905356865,-0.31432380097343016,0.8800846116418842,-0.450690983502602,,,,,,,,,,,,,,,,,,,,,,,,,,,,,,,,,,,,rostimanura7,7,1.315443721113729,-1.2219368196420501,0.06058592494526174,0.7775572999919103,0.05633747484736953,2.9135369773563022,-2.1840145156586286,0.10773353199696332,1.049367763550259,-0.05484120886335118,0.3666155018857426,0.2559336905356865,0.33680438335525353,0.03517220094917092,0.3272736512107002,-0.14469089730320592,-0.31432380097343016,-0.23382965693527433,0.04718085647338878,-0.22479301484145964,2.9488361341693343,-1.5627293775824123,0.18950207960982868,1.1212138220824759,0.2669805046121247,-0.012462826258493506,-0.450690983502602,-0.23459995606182488,0.13580236281098707,-0.22954540704502638,0.04035182524928266,0.060100053383347576,4.2932663448918165,0.48130577887280224,2.661562012039689,0.22622588810402156,0.5370408839374842,0.06454103828465803,0.08943364238926471,1.478653217584307,2.532251245779684,0.09338196224472473,1.6367398442543168,2.882420641948799,8.837689268162464,2.010052233842059,0.19863188492936631,1.713413105621812,0.48347310759498896,0.5697853409987732,0.2831296918908681,1.663025116542908,0.6896372097945016,0.42688750003208153,1.0764707381177734,,,,,
14,14,0,-1.2219368196420501,0.16419178386813196,2.285292176652088,-0.4831982757231791,-0.7869050155493719,-1.0235642378987209,0.5,-1.1306784077670382,-0.6554161301801947,2.264448445981269,-0.5317708391510062,0.04893161558473319,-1.0665894441270867,1,-1.0345816138826642,0.09267405261641444,2.244419931934717,-0.5119488211016158,0.3137262882245879,-1.0781846057634557,1.5,-0.9419149954254806,0.6315958122349173,2.222743099505268,-0.4448775115075093,-0.6634820349223031,-1.1018839005663952,2,-0.851976713830708,1.1402281921555382,2.2008633051190243,-0.4862926256034227,-1.754223591149261,-1.1204133244060837,2.5,-0.7552567227915363,0.32215112771623955,2.1795055735103426,-0.48141905768849064,-0.2851943094723085,-1.1221928891628503,3,-0.6621158997025575,0.9208735372530483,2.156910928182832,-0.5070243413098291,-0.9264147622536426,-1.1651497659251586,3.5,-0.5719536976888839,0.17961041749599244,2.1349231557095045,-0.5064611467527329,-1.7868844155462482,-1.1913661061046668,4,-0.4754193257926561,-2.441468037403518,2.1119552161918542,-0.5467502861946124,-0.6241529692546022,-1.1910906397585723,4.5,-0.38431690404063207,-0.9103199133571491,2.0883589367803483,-0.5129963130538936,-0.3839456789049206,-1.2209085132907629,5.0,-0.28809247228428214,-0.16202134597841164,2.0643601966028484,-0.5244305303360239,0.4601837004629031,-1.2100899902846516,5.5,-0.1976756326547652,0.1622895097295475,2.040314592438638,-0.4844060379782567,-0.3166645718516704,-1.2549854949399002,6.0,-0.10501696116056092,0.8096343575487174,2.0155588189315954,-0.5158438741062545,1.1841641986297433,-1.2792607499459554,6.5,-0.012110549304087052,-1.021875248635923,1.9917564441311502,-0.5062359669194516,0.2787117304112267,-1.276615148936788,7.0,0.08485380385558959,-0.07695775848539411,1.9664470686278017,-0.5373388656618131,1.2825667009413062,-1.3210051767448547,7.5,0.17328804225530398,-0.8982256711204842,1.9411328853995218,-0.5088104617275809,-0.2719708186587575,-1.3342926083356885,8.0,0.26742787605756335,-1.1872903707576905,1.9157434358266732,-0.5321966240274458,-0.8928515001655507,-1.321702823645145,8.5,0.36200368968769503,0.7224470313761642,1.8887054610637743,-0.5265922950616068,-1.3645907195213962,-1.3654997899194732,9.0,0.45178333253141145,-0.8384428050603302,1.862087518561762,-0.5121659258309293,0.4550974827420794,-1.377318522623705,9.5,0.5461278040829252,1.654080986598021,1.834963607516531,-0.5460242249996367,-0.19425562894321965,-1.4090331973346246,10.0,0.6431800476557104,-0.4791048171400418,1.8071108212018976,-0.5312182990691363,0.3548468216938037,-1.4183477801309825,10.5,0.7320226916221608,-0.171486704823128,1.7808165935368214,-0.5353356504885907,-1.8974753506823399,-1.4106622015703238,11.0,0.8237720923742811,-3.1437250940139703,1.7523853019421964,-0.5416145716187446,-0.08920692728669165,-1.4555906055559509,11.5,0.9170232391181753,-0.44458886445766893,1.723711411886985,-0.525076015054301,-0.4782582992966603,-1.4911759281094628,12.0,1.008041686455133,-1.7089258267156227,1.6954972301472686,-0.5147650593957767,0.7990850131600674,-1.4975174747904292,12.5,1.097103693760106,-2.340211167095733,1.6668850218744569,-0.4782883507111961,-0.8549360763551461,-1.476086867213703,13.0,1.1900536585370067,-2.325694095897384,1.6377330812792597,-0.5460437577080574,-0.8996618518849483,-1.525515514456544,13.5,1.283780598410654,-1.8088514353413634,1.6076855054320127,-0.5339494835703192,0.17961072898236347,-1.550323168687479,14.0,1.3781186734480544,-2.333447858610613,1.5769313400569125,-0.5430928442171011,0.3699360078124613,-1.5651816199547541,,,,,,,,Schmidhuber14,14,1.3781186734480544,-1.2219368196420501,0.08485380385558959,0.7907040096288666,0.08019083496151279,1.654080986598021,-3.1437250940139703,-0.44458886445766893,1.2210024058028095,-0.5568371150510996,2.285292176652088,1.5769313400569125,1.9664470686278017,0.21560198510061618,1.953767141587081,-0.4448775115075093,-0.5467502861946124,-0.5158438741062545,0.024850053517385003,-0.515729932985121,1.2825667009413062,-1.8974753506823399,-0.2851943094723085,0.8236785790440357,-0.3015246287259918,-1.0235642378987209,-1.5651816199547541,-1.3210051767448547,0.15890361648031628,-1.3041913134546266,1.9003838262637998,1.4227875706984252,1.5229978234558097,1.8522725412371677,4.569106942967572,1.5724169837487265,2.4728919714375914,4.868812006467147,2.107199716603712,1.9011970993825096,1.9511142039073626,1.9099142532053401,3.30484781812166,1.96370132136659,3.6787650759008947,2.113192976824604,2.8273154020056337,4.003996953292297,2.366433967142776,2.321252254853615,2.4198195735345864,5.876964812070344,2.420048231048429,2.728041471004556,3.146078511934466,3.1385078806403324,3.4347528179166043,2.720863992339772,2.88159599076023,
15,15,0,-1.2219368196420501,0.16419178386813196,0.5516429674401682,-0.9657157708706323,-0.6946215964295572,-1.7067768274958786,0.5,-1.149544315623856,1.0651494269783206,0.5181571255829492,-0.9492601968551642,1.2938510598838309,-1.725218605258133,1,-1.0770784441286063,-0.0014399352864810913,0.4856631645485771,-1.0080511593663544,2.3827776567632717,-1.7420723601217558,1.5,-1.0105461154226967,-1.09573050094956,0.4515985313070844,-0.9562085374962307,-0.2901416598593696,-1.7504185507374426,2,-0.9347845702439613,-0.675314685859961,0.41724352373890694,-0.9761089467145719,-2.560284748113316,-1.7420676953001453,2.5,-0.8625858648570164,-0.563640293634152,0.38339066013506273,-0.9931890337850658,0.35285536598029044,-1.7631022348983567,3,-0.7975836289020668,0.028746044328418447,0.3494802903073539,-1.0532621356006164,1.4886735611477442,-1.766104778752552,3.5,-0.7282232021967857,-0.5565880448335989,0.3161576994182733,-1.06122837455069,0.39990523314893467,-1.761635108331752,4,-0.6562984950559483,0.15519767703342643,0.28163746672481366,-1.0686992203568613,-1.7698318194977076,-1.7674754541366655,4.5,-0.5858426353278924,-1.4697458213142065,0.2476726129871445,-1.0638143970426446,-0.21099903319778276,-1.7858652069141823,5.0,-0.5235831779323091,1.0975629393899786,0.2113989511976643,-1.08143459769108,0.1569875560663143,-1.78242517347687,5.5,-0.4517589606214511,0.7924901709528488,0.17774709452222984,-1.0706420435289812,0.2669070340537331,-1.7670682086397658,6.0,-0.3895463500453175,-0.30013177582714207,0.1435756754101236,-1.1168732723551384,-1.1058999011833304,-1.7976049599950623,6.5,-0.3229239444262739,-0.40279818374763204,0.10830029871453299,-1.0858700363924307,-0.16102126456477894,-1.8106705520527078,7.0,-0.256826225810081,-0.24591550099967746,0.07352174384509955,-1.1541456860667838,0.06266366090096614,-1.7719212391079173,7.5,-0.19258909876755545,0.19631764277538788,0.038597025186897095,-1.1196506096005672,-0.39233895516136863,-1.792479591916499,8.0,-0.12924102781698982,-0.6578622664515752,0.004512540946034177,-1.105133176383142,-1.3575410625366031,-1.8100095939473033,8.5,-0.0644969273965679,-0.020378273456256132,-0.031610508239107056,-1.1359825843169733,0.32554496539205086,-1.8118490630919537,9.0,-0.0014815149209099988,-1.6492389860165781,-0.06640767586963049,-1.1658289474810324,-1.6885168609700416,-1.781570122284695,9.5,0.06536890464216469,1.112859319554896,-0.10187562492734731,-1.208771680704419,-2.222298437745118,-1.7937054295400703,10.0,0.12525222720890505,-0.8774967713296083,-0.1361153293583253,-1.2082749552443055,0.642443204598066,-1.7975137241869479,10.5,0.1854017480113079,-2.1942435137951772,-0.17141431310549576,-1.2408753326707966,0.44993798753482095,-1.8089119532690647,11.0,0.2463733252485884,-3.1084586720720564,-0.2055747489727149,-1.2314511574020683,0.014034876317833024,-1.824102734957774,11.5,0.31006799081799363,-1.4108439254303506,-0.24109541234066734,-1.2176193899604433,-3.0524947010410535,-1.8047958878114259,12.0,0.36532425303210636,-1.4454154412009306,-0.2760231777229963,-1.2895778853020252,-1.382193062616406,-1.8053598934814297,,,,,,,,,,,,,,,,,,,,,,,,,,,,,,,,,,,,Franblatt11,11,0.36532425303210636,-1.2219368196420501,-0.3895463500453175,0.48774770974377196,-0.4023633148070907,1.112859319554896,-3.1084586720720564,-0.40279818374763204,1.0350713615190137,-0.48250910349294146,0.5516429674401682,-0.2760231777229963,0.1435756754101236,0.25444143923042123,0.14120722325906523,-0.9492601968551642,-1.2895778853020252,-1.0858700363924307,0.0965458771325918,-1.1011067651095607,2.3827776567632717,-3.0524947010410535,-0.16102126456477894,1.290322984513649,-0.36206403764514306,-1.7067768274958786,-1.824102734957774,-1.78242517347687,0.029709390312974288,-1.7788289979882543,4.328193251211502,5.551524722424835,9.728612609370304,4.062482052732399,10.542646522286258,4.219460856835577,6.444636187482878,4.389488113358428,7.398392173873541,4.365536200632239,4.371185380886992,4.340043804184624,5.701804090137425,4.483569431647797,4.475683876665816,4.620530430753176,6.340371804196984,4.679232983790771,7.384238425182358,9.617118490438905,5.103717227245292,5.014378238537448,4.844019718500582,14.057609075352385,6.832793129596242,,,,,
16,16,0,-1.2219368196420501,0.16419178386813196,-0.8643769747091551,1.6720250983389933,-0.4372148675800922,-0.28400742681444463,0.5,-1.034390139632976,0.7093582576303138,-0.8706458803536821,1.652649172677699,-0.15203252811072085,-0.3086681722560749,1,-0.8409503376174589,0.20119086623693436,-0.8758053377254095,1.6109752055615736,0.00571481292159804,-0.3261036426152397,1.5,-0.6491900292847381,1.8918865282315858,-0.8818848462344906,1.6194248123777872,0.1581534601232926,-0.3275250387716444,2,-0.4666353406382091,-0.5553055648443515,-0.890046212014868,1.6102896506031847,0.3965448706702988,-0.3542322270579288,2.5,-0.27374419640379044,0.790288610378511,-0.8964977679295226,1.5998161525326664,-0.5115315133333949,-0.3839988872005818,3,-0.08757932441228268,-1.3488625124764282,-0.9041663828446578,1.6051963832470264,0.4108614532537783,-0.3859616069014188,3.5,0.09930336728447457,1.4354610336943419,-0.9128651701496773,1.62421502303391,-2.0940352888707245,-0.413669406640282,4,0.291735764544582,-0.5276622378591708,-0.9199514380065945,1.612140157380513,0.39023563979725856,-0.4223603326936166,4.5,0.47638305183420954,1.1032478710416893,-0.9290436144288964,1.5891415857043465,-0.9643131161011046,-0.4557559022902695,5.0,0.6641313968183991,0.7890756491172063,-0.9374616203732847,1.5647371218938788,-0.37219253188718265,-0.45815166941297897,5.5,0.8502076245819927,0.4619117015412275,-0.9469868256589264,1.559735830944639,0.46621141196271376,-0.4776917890078683,6.0,1.0334999857867644,-0.3351426494306046,-0.9563548726381781,1.5953470863417172,-0.7037429654887728,-0.5030337758571781,6.5,1.2205515725035656,-1.1213061213507856,-0.9668263316282447,1.5521640629953273,-0.47593598394663816,-0.5309719899668329,7.0,1.4070378144342428,-0.9539614304640214,-0.9771118010923918,1.5372160593492197,-1.0363746345052873,-0.5261704899369128,7.5,1.5905056949370133,0.22200588913006913,-0.9883613151967137,1.517360602698522,-1.0658672476398434,-0.5607387000062913,8.0,1.7772905506403525,-1.4250843375999394,-0.9990703728754048,1.5496071485779555,-2.4929044445916264,-0.5681421370302846,8.5,1.9657340691486012,0.8004783160054835,-1.0100443644759678,1.5819182840374748,0.3342631266111567,-0.5875857176005054,9.0,2.1462821942814925,-1.1904952973547915,-1.0215700093485203,1.5389030459739965,1.071263162482623,-0.6018675961322609,9.5,2.328935667065543,-1.3060586348012202,-1.0343357897147352,1.487866342857607,-1.1353900125144094,-0.6194839344254772,10.0,2.516829533373538,0.9763268405026606,-1.047270145070064,1.4866423307459526,0.7491979625544731,-0.6309672704708059,,,,,,,,,,,,,,,,,,,,,,,,,,,,,,,,,,,,,,,,,,,,,,,,,,,,,,,,,,,,,,,,picklerick17,17,2.516829533373538,-1.2219368196420501,0.6641313968183991,1.1591449673756449,0.6568572428382508,1.8918865282315858,-1.4250843375999394,0.20119086623693436,1.0085174606477536,0.03721640767604005,-0.8643769747091551,-1.047270145070064,-0.9374616203732847,0.05691203331932549,-0.9443179558318755,1.6720250983389933,1.4866423307459526,1.5891415857043465,0.04924326697662095,1.5793986265654278,1.071263162482623,-2.4929044445916264,-0.37219253188718265,0.9015787774041335,-0.35519472543774305,-0.28400742681444463,-0.6309672704708059,-0.45815166941297897,0.10946701340026148,-0.4631946530042332,3.06748498839436,2.8496392181199264,2.701617357747811,2.7548218909161686,2.875761063981071,2.968531356408862,2.8944289245610664,7.194180610075067,2.929667992239903,3.662984207771965,2.7968324936112303,2.8783183882623686,3.2934294670270683,2.9176595933987555,3.7139609806475624,3.7528840778977033,8.938640372657927,2.9594542707120364,3.878071951474342,3.88661707973721,3.169522703066911,,,,,,,,,
17,17,0,-1.2219368196420501,0.16419178386813196,-0.19106892380115278,-0.741655502902377,1.1261617558835217,-0.30693061150741063,0.5,-1.1414130450270465,1.1772201234138775,-0.1973434186270517,-0.7377652100802263,1.3039698120273324,-0.32561128618392376,1,-1.0565324292993377,1.0382314889806479,-0.20240787505003435,-0.7498825125581579,0.7139913790298141,-0.3377796553636802,1.5,-0.9753642066342181,1.5230482738933355,-0.21004738847070697,-0.712542426782463,0.9714461821966405,-0.3404424818588677,2,-0.8929688606746742,0.3197009022295033,-0.21671014816062215,-0.7532651270516145,1.8307279261038407,-0.3595725102914118,2.5,-0.814245948383844,0.5144823310551366,-0.22392341480906403,-0.7367457819052206,-1.5724488859142243,-0.36438509439496375,3,-0.7276850070329997,1.4823827825228468,-0.23197159188244273,-0.7667671357563628,-0.0020009364591054243,-0.39267389646115497,3.5,-0.6477166981953066,0.7110344520898544,-0.23968646911713282,-0.7618565359006039,0.9003408357175142,-0.42702728084565317,4,-0.5672422988226743,0.8466231618717283,-0.24877115847534323,-0.7744683061860016,-0.28217543030608205,-0.426811012625263,4.5,-0.4882456105961918,1.460279122129158,-0.2578505922430075,-0.7863219843131845,0.5380711501906211,-0.463465998710346,5.0,-0.407936904458213,-0.903194216703588,-0.26644594701961205,-0.7681912683923663,0.9148670478782343,-0.4593155573791188,5.5,-0.3234059945921435,-0.11294563610269821,-0.2757660627100915,-0.7400098240824119,0.4400232017181345,-0.4933878039492802,6.0,-0.24393178541866986,-1.8233551414322733,-0.2858624690867838,-0.7929182605249523,-1.0218289825707239,-0.5330087914726076,6.5,-0.16325083771668517,1.2669802856013954,-0.2958075071693776,-0.7783142837649515,-0.5353380598893575,-0.550635420479432,7.0,-0.07915145335378203,1.8943727882285522,-0.30653185593016996,-0.7490220689304602,-0.4450488070108775,-0.5563888569871218,7.5,-0.0006488585550908743,-1.4628584641926703,-0.3175167766105524,-0.7425860400761272,1.6184184220057107,-0.5636559144396605,8.0,0.07813522356038045,-0.5248854031790782,-0.32876964122385094,-0.7612081593065214,0.9174699564009521,-0.5979188245046693,8.5,0.15841753557842528,-0.4762422700478207,-0.34023659731067796,-0.8065146895666774,-0.17886911430545915,-0.6101193305759756,9.0,0.23713664614372468,-0.3006199849810142,-0.35138581208864456,-0.7976807017357878,0.6358867648322786,-0.6167253618024351,9.5,0.3198195473762793,-0.6194181428297786,-0.3638212227601334,-0.7972279404658378,0.8292727099803299,-0.6363092527694475,10.0,0.400389583101725,-0.5467734937446069,-0.3763652090006925,-0.8262731592250998,-1.4126627003736445,-0.6592943503348363,10.5,0.47571983761268355,-1.142537812682619,-0.3890339045744268,-0.8163016740156442,0.16213408664839812,-0.6689138878299102,11.0,0.5545188911352246,0.03924484068376344,-0.40308106835561447,-0.837730143282692,-1.0014062058767061,-0.6807383528590892,11.5,0.6325388945336532,0.2694534432710335,-0.41741099328944026,-0.7922848436942992,0.32875120912198624,-0.6976244516459799,12.0,0.7130081434910852,-1.0947463654331615,-0.43041036045243247,-0.8003417809695804,-0.9898002658727012,-0.7218732151061195,12.5,0.7890696122200425,-1.959324454276054,-0.44465827049809475,-0.8138529115138113,0.6025491936130133,-0.7234733575348632,13.0,0.8678990220928312,-0.20983630078075924,-0.4593623185665454,-0.8601633972302302,-0.24282754427208264,-0.7467749047407475,13.5,0.9489863673855506,-1.6699315045762613,-0.4741935432096916,-0.8483339679128831,-0.46427320022563795,-0.7750034083816391,14.0,1.0265923882177324,-2.6798805720676437,-0.48952680766919726,-0.8616491625264132,0.6703848635003499,-0.7834500697909069,,,,,,,,Cheburashka5,5,1.0265923882177324,-1.2219368196420501,-0.07915145335378203,0.683873166998863,-0.0879118988259858,1.8943727882285522,-2.6798805720676437,-0.11294563610269821,1.1899754742306028,-0.0972173787307263,-0.19106892380115278,-0.48952680766919726,-0.30653185593016996,0.09155581556612592,-0.3184816326952617,-0.712542426782463,-0.8616491625264132,-0.7783142837649515,0.03954171780849038,-0.78316809657424,1.8307279261038407,-1.5724488859142243,0.4400232017181345,0.8939674926196511,0.21916504702662307,-0.30693061150741063,-0.7834500697909069,-0.5563888569871218,0.14991146190983257,-0.5454934807181557,1.9124995856803477,2.350657485573666,1.186202567547038,1.5673254783236956,4.0482654812058225,3.1481663429852467,0.7421286331847158,1.5733913003414122,0.8615917712532393,1.1226235576422603,1.6380703213781986,0.9846664828746536,1.9569522092825267,1.1955593289652116,1.0686710605461083,3.4884202054862086,1.7786959033902328,1.0547057020817299,1.420996651500905,1.7281550817375342,3.1130122790662185,1.1400816743857791,2.1680108871861257,1.222472506581222,2.141352471374876,1.5488357913659683,1.3565190445424136,1.5358504085657294,1.8056491563482289,
18,18,0,-1.2219368196420501,0.16419178386813196,0.05376506428201142,-1.3056435897534848,-0.4033151775997282,-0.5802722550428588,0.5,-1.1641885143432202,0.5000452069480097,0.04133013567480858,-1.3139017794392813,0.024903419569366043,-0.6017827906998287,1,-1.1084964120357192,2.5842086777995887,0.029281163669341335,-1.3035709778632651,1.4266909526762717,-0.597717961959481,1.5,-1.0552170538417918,1.6775617573442863,0.01783697686661761,-1.324127281218332,-0.9162848923399571,-0.6337836858477814,2,-0.9955225801919827,-2.496257053245644,0.005291860250220604,-1.286404339852698,0.3012013193850688,-0.663174676869411,2.5,-0.9407112213099924,-0.9757861907404858,-0.007458225629110677,-1.345664051248788,1.335132024260496,-0.6698895320687508,3,-0.8827795101290847,0.10210998275446741,-0.021073634844153095,-1.333833225545029,-1.612740884716978,-0.6995475527975543,3.5,-0.829260869654495,0.945883957385828,-0.03520971740909424,-1.3367022749596,-1.1869557947067946,-0.7084930957671016,4,-0.7700439437207638,0.3619855458189809,-0.04929573162537884,-1.3465461198886377,-0.08224803304361912,-0.7233525852595873,4.5,-0.7150862958608595,-1.232079011156611,-0.061918113058967196,-1.3318804609307804,0.9403153382914751,-0.7470571458051067,5.0,-0.6553424957075498,1.3616779932283762,-0.07771595079780357,-1.3412045735336655,-0.5440668270974053,-0.7328730223832667,5.5,-0.6034013494002962,2.4718759946967017,-0.09184369367781528,-1.2894454978589915,-1.6266570904507343,-0.793201103769713,6.0,-0.548215716568254,0.15141879728704757,-0.10802757103750382,-1.358914771796467,-0.7880060256521249,-0.8122023818679739,6.5,-0.48912682336494345,-1.6924266488750943,-0.124372730834027,-1.361098485994928,-1.5799279019393635,-0.8338805024050672,7.0,-0.43790216883222344,1.3388014022431534,-0.13992216089904178,-1.3547003344682487,-0.2012658533124341,-0.8387782417107515,7.5,-0.3802132482149497,-0.9647441894572447,-0.15668109382186368,-1.325706169492082,0.37133645631822787,-0.8349394528678287,8.0,-0.3241691914365056,0.9074133567736876,-0.17257181175412123,-1.3706637346602109,-0.21698018545344475,-0.8685061527584413,8.5,-0.269593665295153,-0.245181608866813,-0.19050234343486996,-1.3172720724304476,-0.2776702162679415,-0.880967592483209,9.0,-0.21538077095230274,1.0284195196482402,-0.20634937693212269,-1.3465776005360925,1.0302540882196707,-0.8870951854598029,9.5,-0.16139229134291103,0.22888799066620782,-0.22544073554682514,-1.3650014486510118,0.7035325258966084,-0.9033093090228996,10.0,-0.10444939625821142,0.07017936252323409,-0.24342209704973275,-1.363187904356777,-0.8389041311457448,-0.958318105380659,10.5,-0.049161415153099554,-0.11279717764821895,-0.2613420122539906,-1.366644016778444,0.8752104952839558,-0.9526157996524931,11.0,0.003761746963041887,-0.8640099843843907,-0.28049961559257064,-1.34551356248199,1.378407067729658,-0.9822777531522703,11.5,0.05930264693465809,-1.9698194199306425,-0.2994416192722443,-1.3394170022118108,0.18333364727555496,-0.9949247924179426,12.0,0.11169690775038554,0.03758591716598408,-0.3194362842888239,-1.3639892641247555,-0.6353095526891935,-1.0206633989877507,12.5,0.17155192379805842,-0.9814018801304668,-0.3381795100879508,-1.3831403102248532,-1.0166630771410636,-1.0222665133354285,13.0,0.21986212182899662,-0.5279411276951809,-0.3583177381670256,-1.3929947078116482,-1.995460653400727,-1.0415486359871764,13.5,0.27282066198064747,-0.2794047615657962,-0.3785587014395022,-1.35862805642365,0.2893574199934372,-1.0654711080478783,,,,,,,,,,,,,,,Lecuncuna6,6,0.27282066198064747,-1.2219368196420501,-0.4635144960985834,0.45650686033976146,-0.4672355622857349,2.5842086777995887,-2.496257053245644,0.08614467263885076,1.2315391682921284,0.05679993544483348,0.05376506428201142,-0.3785587014395022,-0.13214744586653437,0.13215797267604115,-0.14285983102541214,-1.286404339852698,-1.3929947078116482,-1.345588806865389,0.02665334779945795,-1.3418704862334274,1.4266909526762717,-1.995460653400727,-0.20912301938293942,0.9760319511906157,-0.18081362650205232,-0.5802722550428588,-1.0654711080478783,-0.834409977636448,0.14762848954216762,-0.8231753690645719,2.204084205919191,2.0891005935024314,4.092011130824712,2.994572821243898,2.18535901243201,4.042141246204521,4.869411013430604,3.6975994972198594,2.3431901545284184,3.2161928767338717,2.6319412873526438,4.937850972883962,3.127275562582711,5.044117956195532,2.5792698786853467,2.592511501575577,2.680102411771357,2.5884103608131532,3.6616325886248475,3.1741546775812512,3.4804149949383945,3.541186141399066,4.675282375527923,2.817524474605318,3.3058387144189636,3.991709754477813,7.0071210363884635,3.064826594291536,,
19,19,0,-1.2219368196420501,0.16419178386813196,-1.01513457623653,-0.44280523215240897,2.7539000333622288,-0.7000970629096804,0.5,-1.1268877689390526,0.04392915441030546,-1.0288488687670037,-0.44863672138106414,-0.47331627392118764,-0.7114513513570897,1,-1.031683599291629,-0.6432558235099474,-1.0428616825913526,-0.47654835010466695,0.5436189759511857,-0.743335735708047,1.5,-0.9346637302407447,-1.5396566491117218,-1.0569838871586568,-0.4722070058774264,-1.148604005835437,-0.7503191762894226,2,-0.8409301846607887,0.7246791799610915,-1.0717578135370276,-0.44930051007032795,-0.23885110569198137,-0.767655881205468,2.5,-0.7489886256259521,1.5995479423575787,-1.0872019371559951,-0.5045777290277078,1.4520959685327404,-0.7506527456095701,3,-0.6555534671645895,0.9476042338772369,-1.1031813524821814,-0.504473783808517,0.34579118797186487,-0.7975948572525762,3.5,-0.5637490419535097,-0.8352945338199074,-1.1179919801434415,-0.4913605357131624,-1.0664343222595294,-0.8080808722228578,4,-0.4739233422750666,0.9420733682312383,-1.134057468672972,-0.5010038186302358,0.7345494394370283,-0.7947670343821926,4.5,-0.3826814734886124,-0.4502788743191341,-1.1506040002158286,-0.5339962122487588,-0.14225262570450053,-0.84636529204194,5.0,-0.291718737049804,-0.21947356923885067,-1.1666254854194988,-0.5917476293222759,-0.41368452795153315,-0.8544836675091401,5.5,-0.1980329996037398,0.5406926063444562,-1.183451826275228,-0.5625023161267576,0.2634472941283362,-0.8716935228273356,,,,,,,,,,,,,,,,,,,,,,,,,,,,,,,,,,,,,,,,,,,,,,,,,,,,,,,,,,,,,,,,,,,,,,,,,,,,,,,,,,,,,,,,,,,,,,,,,,,,,,,,,,,,,,,,,,,,,,,,,,,,,,,Cheburashka5,5,-0.1980329996037398,-1.2219368196420501,-0.7022710463952708,0.3347430957130917,-0.7058958158279617,1.5995479423575787,-1.5396566491117218,0.10406046913921871,0.8938144292979999,0.10622990158753982,-1.01513457623653,-1.183451826275228,-1.0951916448190882,0.05531459170419227,-1.096558406554643,-0.44280523215240897,-0.5917476293222759,-0.4961821771716991,0.0460855249061723,-0.4982633203719425,2.7539000333622288,-1.148604005835437,0.06059733421191782,1.0903645193575389,0.2175216698349346,-0.7000970629096804,-0.8716935228273356,-0.7812114577938303,0.05550372756041622,-0.7830414332762766,8.270177764868794,0.9314662282780164,1.0751679369823197,2.105249484928574,0.8482163509890825,2.926660930950982,1.0102229005448333,2.0317120358019225,1.4222223441999962,1.0217219717890846,1.2514424835148872,1.1456629301706394,,,,,,,,,,,,,,,,,,
